-- phpMyAdmin SQL Dump
-- version 3.3.9.2
-- http://www.phpmyadmin.net
--
-- Хост: localhost
-- Время создания: Июн 26 2012 г., 20:41
-- Версия сервера: 5.5.9
-- Версия PHP: 5.3.6

SET SQL_MODE="NO_AUTO_VALUE_ON_ZERO";


/*!40101 SET @OLD_CHARACTER_SET_CLIENT=@@CHARACTER_SET_CLIENT */;
/*!40101 SET @OLD_CHARACTER_SET_RESULTS=@@CHARACTER_SET_RESULTS */;
/*!40101 SET @OLD_COLLATION_CONNECTION=@@COLLATION_CONNECTION */;
/*!40101 SET NAMES utf8 */;

--
-- База данных: `frontend`
--

-- --------------------------------------------------------

--
-- Структура таблицы `catalogs`
--

CREATE TABLE `catalogs` (
  `id` int(10) NOT NULL AUTO_INCREMENT,
  `catname` varchar(255) NOT NULL,
  `alias` varchar(255) NOT NULL,
  `catdesc` text NOT NULL,
  `parent_id` int(10) NOT NULL,
  `date` date NOT NULL,
  `status` int(3) NOT NULL,
  `intrash` int(2) NOT NULL,
  PRIMARY KEY (`id`)
) ENGINE=MyISAM  DEFAULT CHARSET=utf8 AUTO_INCREMENT=23 ;

--
-- Дамп данных таблицы `catalogs`
--

INSERT INTO `catalogs` VALUES(1, 'Каталог номер 1', 'catalog1', 'Описание каталога номер 1', 0, '2012-06-20', 1, 0);
INSERT INTO `catalogs` VALUES(2, 'Каталог номер 2', 'catalog2', 'Описание каталога номер 2', 1, '2012-06-20', 1, 0);
INSERT INTO `catalogs` VALUES(3, 'Каталог номер 3', 'catalog3', 'Описание каталога номер 3', 1, '2012-06-20', 1, 0);
INSERT INTO `catalogs` VALUES(5, 'Каталог номер 4', 'catalog4', 'Описание каталога номер 4', 1, '2012-06-14', 1, 0);
INSERT INTO `catalogs` VALUES(6, 'Каталог номер 5', 'catalog5', 'Описание каталога номер 5', 2, '2012-06-14', 1, 0);
INSERT INTO `catalogs` VALUES(7, 'Каталог номер 6', 'catalog6', 'Описание каталога номер 6', 2, '2012-06-16', 1, 0);
INSERT INTO `catalogs` VALUES(8, 'Каталог номер 7', 'catalog7', 'Описание каталога номер 7', 2, '2012-06-16', 1, 0);
INSERT INTO `catalogs` VALUES(9, 'Каталог номер 8', 'catalog8', 'Описание каталога номер 8', 2, '2012-06-21', 1, 0);
INSERT INTO `catalogs` VALUES(10, 'Каталог номер 9', 'catalog9', 'Описание каталога номер 9', 2, '2012-06-09', 1, 0);
INSERT INTO `catalogs` VALUES(11, 'Каталог номер 10', 'catalog10', 'Описание каталога номер 10', 2, '2012-06-02', 1, 0);
INSERT INTO `catalogs` VALUES(12, 'Каталог номер 11', 'catalog11', 'Описание каталога номер 11', 2, '2012-06-15', 1, 0);
INSERT INTO `catalogs` VALUES(13, 'Каталог номер 12', 'catalog12', 'Описание каталога номер 12', 2, '2012-06-30', 1, 0);
INSERT INTO `catalogs` VALUES(14, 'Каталог номер 13', 'catalog13', 'Описание каталога номер 13', 2, '2012-06-30', 1, 0);

-- --------------------------------------------------------

--
-- Структура таблицы `modules`
--

CREATE TABLE `modules` (
  `id` int(10) NOT NULL AUTO_INCREMENT,
  `name` varchar(255) NOT NULL,
  `desc` varchar(255) NOT NULL,
  `user_id` int(5) NOT NULL,
  `date` date NOT NULL,
  `status` int(3) NOT NULL,
  `intrash` int(3) NOT NULL,
  PRIMARY KEY (`id`)
) ENGINE=MyISAM  DEFAULT CHARSET=utf8 AUTO_INCREMENT=6 ;

--
-- Дамп данных таблицы `modules`
--

INSERT INTO `modules` VALUES(2, 'Модуль навигации', 'Описание модуля навигации', 1, '2012-06-16', 1, 0);
INSERT INTO `modules` VALUES(3, 'Модуль валидации', 'Описание модуля валидации', 1, '2012-06-16', 1, 0);
INSERT INTO `modules` VALUES(5, 'Модуль пагинации', 'Описание модуля пагинации', 1, '2012-06-16', 1, 0);

-- --------------------------------------------------------

--
-- Структура таблицы `options`
--

CREATE TABLE `options` (
  `id` int(5) NOT NULL AUTO_INCREMENT,
  `sitename` varchar(255) NOT NULL DEFAULT 'Имя сайта',
  `description` text NOT NULL,
  `keywords` varchar(300) NOT NULL DEFAULT 'ключевые, слова, тут',
  `robots` int(1) NOT NULL DEFAULT '1',
  `email` varchar(50) NOT NULL DEFAULT 'admin@example.ru',
  `email_from` varchar(50) NOT NULL DEFAULT 'Вася Пупкин',
  `copyright` text NOT NULL,
  `page404` text NOT NULL,
  `status` int(1) NOT NULL DEFAULT '1',
  `htaccess` int(1) NOT NULL DEFAULT '0',
  `debug` int(1) NOT NULL DEFAULT '0',
  `cache` int(1) NOT NULL DEFAULT '0',
  `session` int(10) NOT NULL DEFAULT '30',
  PRIMARY KEY (`id`)
) ENGINE=MyISAM  DEFAULT CHARSET=utf8 AUTO_INCREMENT=2 ;

--
-- Дамп данных таблицы `options`
--

INSERT INTO `options` VALUES(1, 'Имя сайта', 'Описание сайта', 'ключевые, слова, тут', 0, 'admin@example.ru', 'Вася Пупкин', 'Все права никому не принадлежат.', 'Запрошенная вами страница на существует.', 1, 0, 0, 0, 65);

-- --------------------------------------------------------

--
-- Структура таблицы `pages`
--

CREATE TABLE `pages` (
  `id` int(10) NOT NULL AUTO_INCREMENT,
  `pagename` varchar(255) NOT NULL,
  `alias` varchar(255) NOT NULL,
  `metadesc` text NOT NULL,
  `metakeywords` text NOT NULL,
  `content` text NOT NULL,
  `catalog_id` int(10) NOT NULL,
  `author_id` int(10) NOT NULL,
  `date` date NOT NULL,
  `status` int(2) NOT NULL,
  `intrash` int(2) NOT NULL,
  PRIMARY KEY (`id`)
) ENGINE=MyISAM  DEFAULT CHARSET=utf8 AUTO_INCREMENT=57 ;

--
-- Дамп данных таблицы `pages`
--

INSERT INTO `pages` VALUES(1, 'Супер страница 1', 'super-stranica-1', 'Это описание супер страницы номер 1 ', 'ключевые слова, слова ключевые, словечки', '<p>Lorem ipsum dolor sit amet, consectetur adipiscing elit. Aenean fringilla nibh quis odio sagittis imperdiet. Vestibulum ante ipsum primis in faucibus orci luctus et ultrices posuere cubilia Curae; Ut et odio neque, at accumsan ipsum. Phasellus ac bibendum massa. Donec egestas erat quis nunc consectetur scelerisque pretium tortor tristique. Suspendisse id diam ac ante ultricies convallis. Curabitur imperdiet porttitor est non scelerisque. Sed condimentum adipiscing ligula nec mollis. Nam risus nisi, pharetra nec rutrum quis, venenatis quis felis. Vivamus porta, turpis ut tempus pretium, erat mauris egestas nibh, eu tincidunt ante odio ac metus. Fusce tortor purus, vulputate et malesuada in, vehicula quis tellus. Nullam vestibulum ligula at nunc vulputate sit amet pulvinar nunc sollicitudin. Vestibulum dignissim placerat metus, in pellentesque odio viverra in.</p>\r\n\r\n<p>Vivamus rhoncus ultricies massa in sodales. Quisque ac purus nec nisl iaculis viverra. Praesent aliquet mauris a risus aliquet non suscipit nisi hendrerit. Fusce eu scelerisque eros. Pellentesque id eros in nisi aliquet malesuada. Morbi sodales tristique dictum. In hac habitasse platea dictumst. Integer vestibulum urna a tortor sollicitudin sit amet pharetra erat semper. Morbi eros quam, mattis non pellentesque a, ornare non risus. Duis accumsan dolor eget dui pharetra eu pharetra diam congue. Maecenas facilisis feugiat metus nec malesuada.</p>\r\n\r\n<p>Curabitur eget rutrum tortor. Duis eleifend libero ut dui sodales ullamcorper. Pellentesque commodo, arcu vel bibendum volutpat, velit eros dignissim lectus, eu egestas nunc sapien id dui. Curabitur ornare, velit vel imperdiet scelerisque, massa arcu commodo lacus, ac pellentesque urna nibh nec quam. Phasellus cursus ultrices scelerisque. Praesent magna leo, iaculis in pellentesque nec, volutpat ac massa. Nullam rhoncus consectetur rhoncus. Donec vel ultricies velit. Nam nec cursus lectus. Sed porta quam a sapien elementum quis volutpat lorem elementum. Phasellus eu feugiat ipsum. Nulla pretium magna in urna rutrum dignissim. Integer porta justo vitae sapien congue laoreet. Quisque ac lacus dolor. </p>', 1, 1, '2012-06-20', 1, 0);
INSERT INTO `pages` VALUES(5, 'Г Супер страница 5', 'super-stranica-5', 'Это описание супер страницы номер 5', 'ключевые слова, слова ключевые, словечки', '<p>Lorem ipsum dolor sit amet, consectetur adipiscing elit. Aenean fringilla nibh quis odio sagittis imperdiet. Vestibulum ante ipsum primis in faucibus orci luctus et ultrices posuere cubilia Curae; Ut et odio neque, at accumsan ipsum. Phasellus ac bibendum massa. Donec egestas erat quis nunc consectetur scelerisque pretium tortor tristique. Suspendisse id diam ac ante ultricies convallis. Curabitur imperdiet porttitor est non scelerisque. Sed condimentum adipiscing ligula nec mollis. Nam risus nisi, pharetra nec rutrum quis, venenatis quis felis. Vivamus porta, turpis ut tempus pretium, erat mauris egestas nibh, eu tincidunt ante odio ac metus. Fusce tortor purus, vulputate et malesuada in, vehicula quis tellus. Nullam vestibulum ligula at nunc vulputate sit amet pulvinar nunc sollicitudin. Vestibulum dignissim placerat metus, in pellentesque odio viverra in.</p>\r\n\r\n<p>Vivamus rhoncus ultricies massa in sodales. Quisque ac purus nec nisl iaculis viverra. Praesent aliquet mauris a risus aliquet non suscipit nisi hendrerit. Fusce eu scelerisque eros. Pellentesque id eros in nisi aliquet malesuada. Morbi sodales tristique dictum. In hac habitasse platea dictumst. Integer vestibulum urna a tortor sollicitudin sit amet pharetra erat semper. Morbi eros quam, mattis non pellentesque a, ornare non risus. Duis accumsan dolor eget dui pharetra eu pharetra diam congue. Maecenas facilisis feugiat metus nec malesuada.</p>\r\n\r\n<p>Curabitur eget rutrum tortor. Duis eleifend libero ut dui sodales ullamcorper. Pellentesque commodo, arcu vel bibendum volutpat, velit eros dignissim lectus, eu egestas nunc sapien id dui. Curabitur ornare, velit vel imperdiet scelerisque, massa arcu commodo lacus, ac pellentesque urna nibh nec quam. Phasellus cursus ultrices scelerisque. Praesent magna leo, iaculis in pellentesque nec, volutpat ac massa. Nullam rhoncus consectetur rhoncus. Donec vel ultricies velit. Nam nec cursus lectus. Sed porta quam a sapien elementum quis volutpat lorem elementum. Phasellus eu feugiat ipsum. Nulla pretium magna in urna rutrum dignissim. Integer porta justo vitae sapien congue laoreet. Quisque ac lacus dolor. </p>', 1, 2, '2012-06-20', 1, 0);
INSERT INTO `pages` VALUES(6, 'страница 20', 'page2', 'описание страницы номер 20', 'ключевые слова, слова ключевые, словечки', '<p>Lorem ipsum dolor sit amet, consectetur adipiscing elit. Aenean fringilla nibh quis odio sagittis imperdiet. Vestibulum ante ipsum primis in faucibus orci luctus et ultrices posuere cubilia Curae; Ut et odio neque, at accumsan ipsum. Phasellus ac bibendum massa. Donec egestas erat quis nunc consectetur scelerisque pretium tortor tristique. Suspendisse id diam ac ante ultricies convallis. Curabitur imperdiet porttitor est non scelerisque. Sed condimentum adipiscing ligula nec mollis. Nam risus nisi, pharetra nec rutrum quis, venenatis quis felis. Vivamus porta, turpis ut tempus pretium, erat mauris egestas nibh, eu tincidunt ante odio ac metus. Fusce tortor purus, vulputate et malesuada in, vehicula quis tellus. Nullam vestibulum ligula at nunc vulputate sit amet pulvinar nunc sollicitudin. Vestibulum dignissim placerat metus, in pellentesque odio viverra in.</p>\r\n\r\n<p>Vivamus rhoncus ultricies massa in sodales. Quisque ac purus nec nisl iaculis viverra. Praesent aliquet mauris a risus aliquet non suscipit nisi hendrerit. Fusce eu scelerisque eros. Pellentesque id eros in nisi aliquet malesuada. Morbi sodales tristique dictum. In hac habitasse platea dictumst. Integer vestibulum urna a tortor sollicitudin sit amet pharetra erat semper. Morbi eros quam, mattis non pellentesque a, ornare non risus. Duis accumsan dolor eget dui pharetra eu pharetra diam congue. Maecenas facilisis feugiat metus nec malesuada.</p>\r\n\r\n<p>Curabitur eget rutrum tortor. Duis eleifend libero ut dui sodales ullamcorper. Pellentesque commodo, arcu vel bibendum volutpat, velit eros dignissim lectus, eu egestas nunc sapien id dui. Curabitur ornare, velit vel imperdiet scelerisque, massa arcu commodo lacus, ac pellentesque urna nibh nec quam. Phasellus cursus ultrices scelerisque. Praesent magna leo, iaculis in pellentesque nec, volutpat ac massa. Nullam rhoncus consectetur rhoncus. Donec vel ultricies velit. Nam nec cursus lectus. Sed porta quam a sapien elementum quis volutpat lorem elementum. Phasellus eu feugiat ipsum. Nulla pretium magna in urna rutrum dignissim. Integer porta justo vitae sapien congue laoreet. Quisque ac lacus dolor. </p>', 1, 2, '2012-06-22', 1, 0);
INSERT INTO `pages` VALUES(7, 'страница 21', 'page3', 'описание страницы номер 20', 'ключевые слова, слова ключевые, словечки', '<p>Lorem ipsum dolor sit amet, consectetur adipiscing elit. Aenean fringilla nibh quis odio sagittis imperdiet. Vestibulum ante ipsum primis in faucibus orci luctus et ultrices posuere cubilia Curae; Ut et odio neque, at accumsan ipsum. Phasellus ac bibendum massa. Donec egestas erat quis nunc consectetur scelerisque pretium tortor tristique. Suspendisse id diam ac ante ultricies convallis. Curabitur imperdiet porttitor est non scelerisque. Sed condimentum adipiscing ligula nec mollis. Nam risus nisi, pharetra nec rutrum quis, venenatis quis felis. Vivamus porta, turpis ut tempus pretium, erat mauris egestas nibh, eu tincidunt ante odio ac metus. Fusce tortor purus, vulputate et malesuada in, vehicula quis tellus. Nullam vestibulum ligula at nunc vulputate sit amet pulvinar nunc sollicitudin. Vestibulum dignissim placerat metus, in pellentesque odio viverra in.</p>\r\n\r\n<p>Vivamus rhoncus ultricies massa in sodales. Quisque ac purus nec nisl iaculis viverra. Praesent aliquet mauris a risus aliquet non suscipit nisi hendrerit. Fusce eu scelerisque eros. Pellentesque id eros in nisi aliquet malesuada. Morbi sodales tristique dictum. In hac habitasse platea dictumst. Integer vestibulum urna a tortor sollicitudin sit amet pharetra erat semper. Morbi eros quam, mattis non pellentesque a, ornare non risus. Duis accumsan dolor eget dui pharetra eu pharetra diam congue. Maecenas facilisis feugiat metus nec malesuada.</p>\r\n\r\n<p>Curabitur eget rutrum tortor. Duis eleifend libero ut dui sodales ullamcorper. Pellentesque commodo, arcu vel bibendum volutpat, velit eros dignissim lectus, eu egestas nunc sapien id dui. Curabitur ornare, velit vel imperdiet scelerisque, massa arcu commodo lacus, ac pellentesque urna nibh nec quam. Phasellus cursus ultrices scelerisque. Praesent magna leo, iaculis in pellentesque nec, volutpat ac massa. Nullam rhoncus consectetur rhoncus. Donec vel ultricies velit. Nam nec cursus lectus. Sed porta quam a sapien elementum quis volutpat lorem elementum. Phasellus eu feugiat ipsum. Nulla pretium magna in urna rutrum dignissim. Integer porta justo vitae sapien congue laoreet. Quisque ac lacus dolor. </p>', 1, 3, '2012-06-22', 1, 0);
INSERT INTO `pages` VALUES(8, 'страница 22', 'page3', 'описание страницы номер 22', 'ключевые слова, слова ключевые, словечки', '<p>Lorem ipsum dolor sit amet, consectetur adipiscing elit. Aenean fringilla nibh quis odio sagittis imperdiet. Vestibulum ante ipsum primis in faucibus orci luctus et ultrices posuere cubilia Curae; Ut et odio neque, at accumsan ipsum. Phasellus ac bibendum massa. Donec egestas erat quis nunc consectetur scelerisque pretium tortor tristique. Suspendisse id diam ac ante ultricies convallis. Curabitur imperdiet porttitor est non scelerisque. Sed condimentum adipiscing ligula nec mollis. Nam risus nisi, pharetra nec rutrum quis, venenatis quis felis. Vivamus porta, turpis ut tempus pretium, erat mauris egestas nibh, eu tincidunt ante odio ac metus. Fusce tortor purus, vulputate et malesuada in, vehicula quis tellus. Nullam vestibulum ligula at nunc vulputate sit amet pulvinar nunc sollicitudin. Vestibulum dignissim placerat metus, in pellentesque odio viverra in.</p>\r\n\r\n<p>Vivamus rhoncus ultricies massa in sodales. Quisque ac purus nec nisl iaculis viverra. Praesent aliquet mauris a risus aliquet non suscipit nisi hendrerit. Fusce eu scelerisque eros. Pellentesque id eros in nisi aliquet malesuada. Morbi sodales tristique dictum. In hac habitasse platea dictumst. Integer vestibulum urna a tortor sollicitudin sit amet pharetra erat semper. Morbi eros quam, mattis non pellentesque a, ornare non risus. Duis accumsan dolor eget dui pharetra eu pharetra diam congue. Maecenas facilisis feugiat metus nec malesuada.</p>\r\n\r\n<p>Curabitur eget rutrum tortor. Duis eleifend libero ut dui sodales ullamcorper. Pellentesque commodo, arcu vel bibendum volutpat, velit eros dignissim lectus, eu egestas nunc sapien id dui. Curabitur ornare, velit vel imperdiet scelerisque, massa arcu commodo lacus, ac pellentesque urna nibh nec quam. Phasellus cursus ultrices scelerisque. Praesent magna leo, iaculis in pellentesque nec, volutpat ac massa. Nullam rhoncus consectetur rhoncus. Donec vel ultricies velit. Nam nec cursus lectus. Sed porta quam a sapien elementum quis volutpat lorem elementum. Phasellus eu feugiat ipsum. Nulla pretium magna in urna rutrum dignissim. Integer porta justo vitae sapien congue laoreet. Quisque ac lacus dolor. </p>', 1, 3, '2012-06-22', 1, 0);
INSERT INTO `pages` VALUES(9, 'страница 23', 'page3', 'описание страницы номер 23', 'ключевые слова, слова ключевые, словечки', '<p>Lorem ipsum dolor sit amet, consectetur adipiscing elit. Aenean fringilla nibh quis odio sagittis imperdiet. Vestibulum ante ipsum primis in faucibus orci luctus et ultrices posuere cubilia Curae; Ut et odio neque, at accumsan ipsum. Phasellus ac bibendum massa. Donec egestas erat quis nunc consectetur scelerisque pretium tortor tristique. Suspendisse id diam ac ante ultricies convallis. Curabitur imperdiet porttitor est non scelerisque. Sed condimentum adipiscing ligula nec mollis. Nam risus nisi, pharetra nec rutrum quis, venenatis quis felis. Vivamus porta, turpis ut tempus pretium, erat mauris egestas nibh, eu tincidunt ante odio ac metus. Fusce tortor purus, vulputate et malesuada in, vehicula quis tellus. Nullam vestibulum ligula at nunc vulputate sit amet pulvinar nunc sollicitudin. Vestibulum dignissim placerat metus, in pellentesque odio viverra in.</p>\r\n\r\n<p>Vivamus rhoncus ultricies massa in sodales. Quisque ac purus nec nisl iaculis viverra. Praesent aliquet mauris a risus aliquet non suscipit nisi hendrerit. Fusce eu scelerisque eros. Pellentesque id eros in nisi aliquet malesuada. Morbi sodales tristique dictum. In hac habitasse platea dictumst. Integer vestibulum urna a tortor sollicitudin sit amet pharetra erat semper. Morbi eros quam, mattis non pellentesque a, ornare non risus. Duis accumsan dolor eget dui pharetra eu pharetra diam congue. Maecenas facilisis feugiat metus nec malesuada.</p>\r\n\r\n<p>Curabitur eget rutrum tortor. Duis eleifend libero ut dui sodales ullamcorper. Pellentesque commodo, arcu vel bibendum volutpat, velit eros dignissim lectus, eu egestas nunc sapien id dui. Curabitur ornare, velit vel imperdiet scelerisque, massa arcu commodo lacus, ac pellentesque urna nibh nec quam. Phasellus cursus ultrices scelerisque. Praesent magna leo, iaculis in pellentesque nec, volutpat ac massa. Nullam rhoncus consectetur rhoncus. Donec vel ultricies velit. Nam nec cursus lectus. Sed porta quam a sapien elementum quis volutpat lorem elementum. Phasellus eu feugiat ipsum. Nulla pretium magna in urna rutrum dignissim. Integer porta justo vitae sapien congue laoreet. Quisque ac lacus dolor. </p>', 1, 3, '2012-06-22', 1, 0);
INSERT INTO `pages` VALUES(10, 'страница 24', 'page3', 'описание страницы номер 24', 'ключевые слова, слова ключевые, словечки', '<p>Lorem ipsum dolor sit amet, consectetur adipiscing elit. Aenean fringilla nibh quis odio sagittis imperdiet. Vestibulum ante ipsum primis in faucibus orci luctus et ultrices posuere cubilia Curae; Ut et odio neque, at accumsan ipsum. Phasellus ac bibendum massa. Donec egestas erat quis nunc consectetur scelerisque pretium tortor tristique. Suspendisse id diam ac ante ultricies convallis. Curabitur imperdiet porttitor est non scelerisque. Sed condimentum adipiscing ligula nec mollis. Nam risus nisi, pharetra nec rutrum quis, venenatis quis felis. Vivamus porta, turpis ut tempus pretium, erat mauris egestas nibh, eu tincidunt ante odio ac metus. Fusce tortor purus, vulputate et malesuada in, vehicula quis tellus. Nullam vestibulum ligula at nunc vulputate sit amet pulvinar nunc sollicitudin. Vestibulum dignissim placerat metus, in pellentesque odio viverra in.</p>\r\n\r\n<p>Vivamus rhoncus ultricies massa in sodales. Quisque ac purus nec nisl iaculis viverra. Praesent aliquet mauris a risus aliquet non suscipit nisi hendrerit. Fusce eu scelerisque eros. Pellentesque id eros in nisi aliquet malesuada. Morbi sodales tristique dictum. In hac habitasse platea dictumst. Integer vestibulum urna a tortor sollicitudin sit amet pharetra erat semper. Morbi eros quam, mattis non pellentesque a, ornare non risus. Duis accumsan dolor eget dui pharetra eu pharetra diam congue. Maecenas facilisis feugiat metus nec malesuada.</p>\r\n\r\n<p>Curabitur eget rutrum tortor. Duis eleifend libero ut dui sodales ullamcorper. Pellentesque commodo, arcu vel bibendum volutpat, velit eros dignissim lectus, eu egestas nunc sapien id dui. Curabitur ornare, velit vel imperdiet scelerisque, massa arcu commodo lacus, ac pellentesque urna nibh nec quam. Phasellus cursus ultrices scelerisque. Praesent magna leo, iaculis in pellentesque nec, volutpat ac massa. Nullam rhoncus consectetur rhoncus. Donec vel ultricies velit. Nam nec cursus lectus. Sed porta quam a sapien elementum quis volutpat lorem elementum. Phasellus eu feugiat ipsum. Nulla pretium magna in urna rutrum dignissim. Integer porta justo vitae sapien congue laoreet. Quisque ac lacus dolor. </p>', 1, 2, '2012-06-18', 1, 0);
INSERT INTO `pages` VALUES(11, 'страница 30', 'page3', 'Описание страницы 30', 'ключевые слова, слова ключевые, словечки', '<p>Lorem ipsum dolor sit amet, consectetur adipiscing elit. Aenean fringilla nibh quis odio sagittis imperdiet. Vestibulum ante ipsum primis in faucibus orci luctus et ultrices posuere cubilia Curae; Ut et odio neque, at accumsan ipsum. Phasellus ac bibendum massa. Donec egestas erat quis nunc consectetur scelerisque pretium tortor tristique. Suspendisse id diam ac ante ultricies convallis. Curabitur imperdiet porttitor est non scelerisque. Sed condimentum adipiscing ligula nec mollis. Nam risus nisi, pharetra nec rutrum quis, venenatis quis felis. Vivamus porta, turpis ut tempus pretium, erat mauris egestas nibh, eu tincidunt ante odio ac metus. Fusce tortor purus, vulputate et malesuada in, vehicula quis tellus. Nullam vestibulum ligula at nunc vulputate sit amet pulvinar nunc sollicitudin. Vestibulum dignissim placerat metus, in pellentesque odio viverra in.</p>\r\n\r\n<p>Vivamus rhoncus ultricies massa in sodales. Quisque ac purus nec nisl iaculis viverra. Praesent aliquet mauris a risus aliquet non suscipit nisi hendrerit. Fusce eu scelerisque eros. Pellentesque id eros in nisi aliquet malesuada. Morbi sodales tristique dictum. In hac habitasse platea dictumst. Integer vestibulum urna a tortor sollicitudin sit amet pharetra erat semper. Morbi eros quam, mattis non pellentesque a, ornare non risus. Duis accumsan dolor eget dui pharetra eu pharetra diam congue. Maecenas facilisis feugiat metus nec malesuada.</p>\r\n\r\n<p>Curabitur eget rutrum tortor. Duis eleifend libero ut dui sodales ullamcorper. Pellentesque commodo, arcu vel bibendum volutpat, velit eros dignissim lectus, eu egestas nunc sapien id dui. Curabitur ornare, velit vel imperdiet scelerisque, massa arcu commodo lacus, ac pellentesque urna nibh nec quam. Phasellus cursus ultrices scelerisque. Praesent magna leo, iaculis in pellentesque nec, volutpat ac massa. Nullam rhoncus consectetur rhoncus. Donec vel ultricies velit. Nam nec cursus lectus. Sed porta quam a sapien elementum quis volutpat lorem elementum. Phasellus eu feugiat ipsum. Nulla pretium magna in urna rutrum dignissim. Integer porta justo vitae sapien congue laoreet. Quisque ac lacus dolor. </p>', 1, 2, '2012-06-23', 1, 0);
INSERT INTO `pages` VALUES(12, 'страница 31', 'page3', 'Описание страницы 30', 'ключевые слова, слова ключевые, словечки', '<p>Lorem ipsum dolor sit amet, consectetur adipiscing elit. Aenean fringilla nibh quis odio sagittis imperdiet. Vestibulum ante ipsum primis in faucibus orci luctus et ultrices posuere cubilia Curae; Ut et odio neque, at accumsan ipsum. Phasellus ac bibendum massa. Donec egestas erat quis nunc consectetur scelerisque pretium tortor tristique. Suspendisse id diam ac ante ultricies convallis. Curabitur imperdiet porttitor est non scelerisque. Sed condimentum adipiscing ligula nec mollis. Nam risus nisi, pharetra nec rutrum quis, venenatis quis felis. Vivamus porta, turpis ut tempus pretium, erat mauris egestas nibh, eu tincidunt ante odio ac metus. Fusce tortor purus, vulputate et malesuada in, vehicula quis tellus. Nullam vestibulum ligula at nunc vulputate sit amet pulvinar nunc sollicitudin. Vestibulum dignissim placerat metus, in pellentesque odio viverra in.</p>\r\n\r\n<p>Vivamus rhoncus ultricies massa in sodales. Quisque ac purus nec nisl iaculis viverra. Praesent aliquet mauris a risus aliquet non suscipit nisi hendrerit. Fusce eu scelerisque eros. Pellentesque id eros in nisi aliquet malesuada. Morbi sodales tristique dictum. In hac habitasse platea dictumst. Integer vestibulum urna a tortor sollicitudin sit amet pharetra erat semper. Morbi eros quam, mattis non pellentesque a, ornare non risus. Duis accumsan dolor eget dui pharetra eu pharetra diam congue. Maecenas facilisis feugiat metus nec malesuada.</p>\r\n\r\n<p>Curabitur eget rutrum tortor. Duis eleifend libero ut dui sodales ullamcorper. Pellentesque commodo, arcu vel bibendum volutpat, velit eros dignissim lectus, eu egestas nunc sapien id dui. Curabitur ornare, velit vel imperdiet scelerisque, massa arcu commodo lacus, ac pellentesque urna nibh nec quam. Phasellus cursus ultrices scelerisque. Praesent magna leo, iaculis in pellentesque nec, volutpat ac massa. Nullam rhoncus consectetur rhoncus. Donec vel ultricies velit. Nam nec cursus lectus. Sed porta quam a sapien elementum quis volutpat lorem elementum. Phasellus eu feugiat ipsum. Nulla pretium magna in urna rutrum dignissim. Integer porta justo vitae sapien congue laoreet. Quisque ac lacus dolor. </p>', 1, 2, '2012-06-23', 1, 0);
INSERT INTO `pages` VALUES(13, 'страница 32', 'page3', 'Описание страницы 30', 'ключевые слова, слова ключевые, словечки', '<p>Lorem ipsum dolor sit amet, consectetur adipiscing elit. Aenean fringilla nibh quis odio sagittis imperdiet. Vestibulum ante ipsum primis in faucibus orci luctus et ultrices posuere cubilia Curae; Ut et odio neque, at accumsan ipsum. Phasellus ac bibendum massa. Donec egestas erat quis nunc consectetur scelerisque pretium tortor tristique. Suspendisse id diam ac ante ultricies convallis. Curabitur imperdiet porttitor est non scelerisque. Sed condimentum adipiscing ligula nec mollis. Nam risus nisi, pharetra nec rutrum quis, venenatis quis felis. Vivamus porta, turpis ut tempus pretium, erat mauris egestas nibh, eu tincidunt ante odio ac metus. Fusce tortor purus, vulputate et malesuada in, vehicula quis tellus. Nullam vestibulum ligula at nunc vulputate sit amet pulvinar nunc sollicitudin. Vestibulum dignissim placerat metus, in pellentesque odio viverra in.</p>\r\n\r\n<p>Vivamus rhoncus ultricies massa in sodales. Quisque ac purus nec nisl iaculis viverra. Praesent aliquet mauris a risus aliquet non suscipit nisi hendrerit. Fusce eu scelerisque eros. Pellentesque id eros in nisi aliquet malesuada. Morbi sodales tristique dictum. In hac habitasse platea dictumst. Integer vestibulum urna a tortor sollicitudin sit amet pharetra erat semper. Morbi eros quam, mattis non pellentesque a, ornare non risus. Duis accumsan dolor eget dui pharetra eu pharetra diam congue. Maecenas facilisis feugiat metus nec malesuada.</p>\r\n\r\n<p>Curabitur eget rutrum tortor. Duis eleifend libero ut dui sodales ullamcorper. Pellentesque commodo, arcu vel bibendum volutpat, velit eros dignissim lectus, eu egestas nunc sapien id dui. Curabitur ornare, velit vel imperdiet scelerisque, massa arcu commodo lacus, ac pellentesque urna nibh nec quam. Phasellus cursus ultrices scelerisque. Praesent magna leo, iaculis in pellentesque nec, volutpat ac massa. Nullam rhoncus consectetur rhoncus. Donec vel ultricies velit. Nam nec cursus lectus. Sed porta quam a sapien elementum quis volutpat lorem elementum. Phasellus eu feugiat ipsum. Nulla pretium magna in urna rutrum dignissim. Integer porta justo vitae sapien congue laoreet. Quisque ac lacus dolor. </p>', 1, 2, '2012-06-29', 1, 0);
INSERT INTO `pages` VALUES(14, 'страница 33', 'page3', 'Описание страницы 33', 'ключевые слова, слова ключевые, словечки', '<p>Lorem ipsum dolor sit amet, consectetur adipiscing elit. Aenean fringilla nibh quis odio sagittis imperdiet. Vestibulum ante ipsum primis in faucibus orci luctus et ultrices posuere cubilia Curae; Ut et odio neque, at accumsan ipsum. Phasellus ac bibendum massa. Donec egestas erat quis nunc consectetur scelerisque pretium tortor tristique. Suspendisse id diam ac ante ultricies convallis. Curabitur imperdiet porttitor est non scelerisque. Sed condimentum adipiscing ligula nec mollis. Nam risus nisi, pharetra nec rutrum quis, venenatis quis felis. Vivamus porta, turpis ut tempus pretium, erat mauris egestas nibh, eu tincidunt ante odio ac metus. Fusce tortor purus, vulputate et malesuada in, vehicula quis tellus. Nullam vestibulum ligula at nunc vulputate sit amet pulvinar nunc sollicitudin. Vestibulum dignissim placerat metus, in pellentesque odio viverra in.</p>\r\n\r\n<p>Vivamus rhoncus ultricies massa in sodales. Quisque ac purus nec nisl iaculis viverra. Praesent aliquet mauris a risus aliquet non suscipit nisi hendrerit. Fusce eu scelerisque eros. Pellentesque id eros in nisi aliquet malesuada. Morbi sodales tristique dictum. In hac habitasse platea dictumst. Integer vestibulum urna a tortor sollicitudin sit amet pharetra erat semper. Morbi eros quam, mattis non pellentesque a, ornare non risus. Duis accumsan dolor eget dui pharetra eu pharetra diam congue. Maecenas facilisis feugiat metus nec malesuada.</p>\r\n\r\n<p>Curabitur eget rutrum tortor. Duis eleifend libero ut dui sodales ullamcorper. Pellentesque commodo, arcu vel bibendum volutpat, velit eros dignissim lectus, eu egestas nunc sapien id dui. Curabitur ornare, velit vel imperdiet scelerisque, massa arcu commodo lacus, ac pellentesque urna nibh nec quam. Phasellus cursus ultrices scelerisque. Praesent magna leo, iaculis in pellentesque nec, volutpat ac massa. Nullam rhoncus consectetur rhoncus. Donec vel ultricies velit. Nam nec cursus lectus. Sed porta quam a sapien elementum quis volutpat lorem elementum. Phasellus eu feugiat ipsum. Nulla pretium magna in urna rutrum dignissim. Integer porta justo vitae sapien congue laoreet. Quisque ac lacus dolor. </p>', 1, 2, '2012-06-18', 1, 0);
INSERT INTO `pages` VALUES(15, 'страница 34', 'page4', 'Описание страницы 34', 'ключевые слова, слова ключевые, словечки', '<p>Lorem ipsum dolor sit amet, consectetur adipiscing elit. Aenean fringilla nibh quis odio sagittis imperdiet. Vestibulum ante ipsum primis in faucibus orci luctus et ultrices posuere cubilia Curae; Ut et odio neque, at accumsan ipsum. Phasellus ac bibendum massa. Donec egestas erat quis nunc consectetur scelerisque pretium tortor tristique. Suspendisse id diam ac ante ultricies convallis. Curabitur imperdiet porttitor est non scelerisque. Sed condimentum adipiscing ligula nec mollis. Nam risus nisi, pharetra nec rutrum quis, venenatis quis felis. Vivamus porta, turpis ut tempus pretium, erat mauris egestas nibh, eu tincidunt ante odio ac metus. Fusce tortor purus, vulputate et malesuada in, vehicula quis tellus. Nullam vestibulum ligula at nunc vulputate sit amet pulvinar nunc sollicitudin. Vestibulum dignissim placerat metus, in pellentesque odio viverra in.</p>\r\n\r\n<p>Vivamus rhoncus ultricies massa in sodales. Quisque ac purus nec nisl iaculis viverra. Praesent aliquet mauris a risus aliquet non suscipit nisi hendrerit. Fusce eu scelerisque eros. Pellentesque id eros in nisi aliquet malesuada. Morbi sodales tristique dictum. In hac habitasse platea dictumst. Integer vestibulum urna a tortor sollicitudin sit amet pharetra erat semper. Morbi eros quam, mattis non pellentesque a, ornare non risus. Duis accumsan dolor eget dui pharetra eu pharetra diam congue. Maecenas facilisis feugiat metus nec malesuada.</p>\r\n\r\n<p>Curabitur eget rutrum tortor. Duis eleifend libero ut dui sodales ullamcorper. Pellentesque commodo, arcu vel bibendum volutpat, velit eros dignissim lectus, eu egestas nunc sapien id dui. Curabitur ornare, velit vel imperdiet scelerisque, massa arcu commodo lacus, ac pellentesque urna nibh nec quam. Phasellus cursus ultrices scelerisque. Praesent magna leo, iaculis in pellentesque nec, volutpat ac massa. Nullam rhoncus consectetur rhoncus. Donec vel ultricies velit. Nam nec cursus lectus. Sed porta quam a sapien elementum quis volutpat lorem elementum. Phasellus eu feugiat ipsum. Nulla pretium magna in urna rutrum dignissim. Integer porta justo vitae sapien congue laoreet. Quisque ac lacus dolor. </p>', 1, 2, '2012-06-28', 1, 0);
INSERT INTO `pages` VALUES(16, 'страница 35', 'page4', 'Описание страницы 34', 'ключевые слова, слова ключевые, словечки', '<p>Lorem ipsum dolor sit amet, consectetur adipiscing elit. Aenean fringilla nibh quis odio sagittis imperdiet. Vestibulum ante ipsum primis in faucibus orci luctus et ultrices posuere cubilia Curae; Ut et odio neque, at accumsan ipsum. Phasellus ac bibendum massa. Donec egestas erat quis nunc consectetur scelerisque pretium tortor tristique. Suspendisse id diam ac ante ultricies convallis. Curabitur imperdiet porttitor est non scelerisque. Sed condimentum adipiscing ligula nec mollis. Nam risus nisi, pharetra nec rutrum quis, venenatis quis felis. Vivamus porta, turpis ut tempus pretium, erat mauris egestas nibh, eu tincidunt ante odio ac metus. Fusce tortor purus, vulputate et malesuada in, vehicula quis tellus. Nullam vestibulum ligula at nunc vulputate sit amet pulvinar nunc sollicitudin. Vestibulum dignissim placerat metus, in pellentesque odio viverra in.</p>\r\n\r\n<p>Vivamus rhoncus ultricies massa in sodales. Quisque ac purus nec nisl iaculis viverra. Praesent aliquet mauris a risus aliquet non suscipit nisi hendrerit. Fusce eu scelerisque eros. Pellentesque id eros in nisi aliquet malesuada. Morbi sodales tristique dictum. In hac habitasse platea dictumst. Integer vestibulum urna a tortor sollicitudin sit amet pharetra erat semper. Morbi eros quam, mattis non pellentesque a, ornare non risus. Duis accumsan dolor eget dui pharetra eu pharetra diam congue. Maecenas facilisis feugiat metus nec malesuada.</p>\r\n\r\n<p>Curabitur eget rutrum tortor. Duis eleifend libero ut dui sodales ullamcorper. Pellentesque commodo, arcu vel bibendum volutpat, velit eros dignissim lectus, eu egestas nunc sapien id dui. Curabitur ornare, velit vel imperdiet scelerisque, massa arcu commodo lacus, ac pellentesque urna nibh nec quam. Phasellus cursus ultrices scelerisque. Praesent magna leo, iaculis in pellentesque nec, volutpat ac massa. Nullam rhoncus consectetur rhoncus. Donec vel ultricies velit. Nam nec cursus lectus. Sed porta quam a sapien elementum quis volutpat lorem elementum. Phasellus eu feugiat ipsum. Nulla pretium magna in urna rutrum dignissim. Integer porta justo vitae sapien congue laoreet. Quisque ac lacus dolor. </p>', 1, 2, '2012-06-15', 1, 0);
INSERT INTO `pages` VALUES(17, 'страница 35', 'page4', 'Описание страницы 34', 'ключевые слова, слова ключевые, словечки', '<p>Lorem ipsum dolor sit amet, consectetur adipiscing elit. Aenean fringilla nibh quis odio sagittis imperdiet. Vestibulum ante ipsum primis in faucibus orci luctus et ultrices posuere cubilia Curae; Ut et odio neque, at accumsan ipsum. Phasellus ac bibendum massa. Donec egestas erat quis nunc consectetur scelerisque pretium tortor tristique. Suspendisse id diam ac ante ultricies convallis. Curabitur imperdiet porttitor est non scelerisque. Sed condimentum adipiscing ligula nec mollis. Nam risus nisi, pharetra nec rutrum quis, venenatis quis felis. Vivamus porta, turpis ut tempus pretium, erat mauris egestas nibh, eu tincidunt ante odio ac metus. Fusce tortor purus, vulputate et malesuada in, vehicula quis tellus. Nullam vestibulum ligula at nunc vulputate sit amet pulvinar nunc sollicitudin. Vestibulum dignissim placerat metus, in pellentesque odio viverra in.</p>\r\n\r\n<p>Vivamus rhoncus ultricies massa in sodales. Quisque ac purus nec nisl iaculis viverra. Praesent aliquet mauris a risus aliquet non suscipit nisi hendrerit. Fusce eu scelerisque eros. Pellentesque id eros in nisi aliquet malesuada. Morbi sodales tristique dictum. In hac habitasse platea dictumst. Integer vestibulum urna a tortor sollicitudin sit amet pharetra erat semper. Morbi eros quam, mattis non pellentesque a, ornare non risus. Duis accumsan dolor eget dui pharetra eu pharetra diam congue. Maecenas facilisis feugiat metus nec malesuada.</p>\r\n\r\n<p>Curabitur eget rutrum tortor. Duis eleifend libero ut dui sodales ullamcorper. Pellentesque commodo, arcu vel bibendum volutpat, velit eros dignissim lectus, eu egestas nunc sapien id dui. Curabitur ornare, velit vel imperdiet scelerisque, massa arcu commodo lacus, ac pellentesque urna nibh nec quam. Phasellus cursus ultrices scelerisque. Praesent magna leo, iaculis in pellentesque nec, volutpat ac massa. Nullam rhoncus consectetur rhoncus. Donec vel ultricies velit. Nam nec cursus lectus. Sed porta quam a sapien elementum quis volutpat lorem elementum. Phasellus eu feugiat ipsum. Nulla pretium magna in urna rutrum dignissim. Integer porta justo vitae sapien congue laoreet. Quisque ac lacus dolor. </p>', 1, 2, '2012-06-22', 1, 0);
INSERT INTO `pages` VALUES(18, 'страница 35', 'page4', 'Описание страницы 34', 'ключевые слова, слова ключевые, словечки', '<p>Lorem ipsum dolor sit amet, consectetur adipiscing elit. Aenean fringilla nibh quis odio sagittis imperdiet. Vestibulum ante ipsum primis in faucibus orci luctus et ultrices posuere cubilia Curae; Ut et odio neque, at accumsan ipsum. Phasellus ac bibendum massa. Donec egestas erat quis nunc consectetur scelerisque pretium tortor tristique. Suspendisse id diam ac ante ultricies convallis. Curabitur imperdiet porttitor est non scelerisque. Sed condimentum adipiscing ligula nec mollis. Nam risus nisi, pharetra nec rutrum quis, venenatis quis felis. Vivamus porta, turpis ut tempus pretium, erat mauris egestas nibh, eu tincidunt ante odio ac metus. Fusce tortor purus, vulputate et malesuada in, vehicula quis tellus. Nullam vestibulum ligula at nunc vulputate sit amet pulvinar nunc sollicitudin. Vestibulum dignissim placerat metus, in pellentesque odio viverra in.</p>\r\n\r\n<p>Vivamus rhoncus ultricies massa in sodales. Quisque ac purus nec nisl iaculis viverra. Praesent aliquet mauris a risus aliquet non suscipit nisi hendrerit. Fusce eu scelerisque eros. Pellentesque id eros in nisi aliquet malesuada. Morbi sodales tristique dictum. In hac habitasse platea dictumst. Integer vestibulum urna a tortor sollicitudin sit amet pharetra erat semper. Morbi eros quam, mattis non pellentesque a, ornare non risus. Duis accumsan dolor eget dui pharetra eu pharetra diam congue. Maecenas facilisis feugiat metus nec malesuada.</p>\r\n\r\n<p>Curabitur eget rutrum tortor. Duis eleifend libero ut dui sodales ullamcorper. Pellentesque commodo, arcu vel bibendum volutpat, velit eros dignissim lectus, eu egestas nunc sapien id dui. Curabitur ornare, velit vel imperdiet scelerisque, massa arcu commodo lacus, ac pellentesque urna nibh nec quam. Phasellus cursus ultrices scelerisque. Praesent magna leo, iaculis in pellentesque nec, volutpat ac massa. Nullam rhoncus consectetur rhoncus. Donec vel ultricies velit. Nam nec cursus lectus. Sed porta quam a sapien elementum quis volutpat lorem elementum. Phasellus eu feugiat ipsum. Nulla pretium magna in urna rutrum dignissim. Integer porta justo vitae sapien congue laoreet. Quisque ac lacus dolor. </p>', 1, 2, '2012-06-23', 1, 0);
INSERT INTO `pages` VALUES(19, 'страница 35', 'page5', 'Описание страницы 35', 'ключевые слова, слова ключевые, словечки', '<p>Lorem ipsum dolor sit amet, consectetur adipiscing elit. Aenean fringilla nibh quis odio sagittis imperdiet. Vestibulum ante ipsum primis in faucibus orci luctus et ultrices posuere cubilia Curae; Ut et odio neque, at accumsan ipsum. Phasellus ac bibendum massa. Donec egestas erat quis nunc consectetur scelerisque pretium tortor tristique. Suspendisse id diam ac ante ultricies convallis. Curabitur imperdiet porttitor est non scelerisque. Sed condimentum adipiscing ligula nec mollis. Nam risus nisi, pharetra nec rutrum quis, venenatis quis felis. Vivamus porta, turpis ut tempus pretium, erat mauris egestas nibh, eu tincidunt ante odio ac metus. Fusce tortor purus, vulputate et malesuada in, vehicula quis tellus. Nullam vestibulum ligula at nunc vulputate sit amet pulvinar nunc sollicitudin. Vestibulum dignissim placerat metus, in pellentesque odio viverra in.</p>\r\n\r\n<p>Vivamus rhoncus ultricies massa in sodales. Quisque ac purus nec nisl iaculis viverra. Praesent aliquet mauris a risus aliquet non suscipit nisi hendrerit. Fusce eu scelerisque eros. Pellentesque id eros in nisi aliquet malesuada. Morbi sodales tristique dictum. In hac habitasse platea dictumst. Integer vestibulum urna a tortor sollicitudin sit amet pharetra erat semper. Morbi eros quam, mattis non pellentesque a, ornare non risus. Duis accumsan dolor eget dui pharetra eu pharetra diam congue. Maecenas facilisis feugiat metus nec malesuada.</p>\r\n\r\n<p>Curabitur eget rutrum tortor. Duis eleifend libero ut dui sodales ullamcorper. Pellentesque commodo, arcu vel bibendum volutpat, velit eros dignissim lectus, eu egestas nunc sapien id dui. Curabitur ornare, velit vel imperdiet scelerisque, massa arcu commodo lacus, ac pellentesque urna nibh nec quam. Phasellus cursus ultrices scelerisque. Praesent magna leo, iaculis in pellentesque nec, volutpat ac massa. Nullam rhoncus consectetur rhoncus. Donec vel ultricies velit. Nam nec cursus lectus. Sed porta quam a sapien elementum quis volutpat lorem elementum. Phasellus eu feugiat ipsum. Nulla pretium magna in urna rutrum dignissim. Integer porta justo vitae sapien congue laoreet. Quisque ac lacus dolor. </p>', 1, 2, '2012-06-22', 1, 0);
INSERT INTO `pages` VALUES(20, 'страница 36', 'page6', 'Описание страницы 36', 'ключевые слова, слова ключевые, словечки', '<p>Lorem ipsum dolor sit amet, consectetur adipiscing elit. Aenean fringilla nibh quis odio sagittis imperdiet. Vestibulum ante ipsum primis in faucibus orci luctus et ultrices posuere cubilia Curae; Ut et odio neque, at accumsan ipsum. Phasellus ac bibendum massa. Donec egestas erat quis nunc consectetur scelerisque pretium tortor tristique. Suspendisse id diam ac ante ultricies convallis. Curabitur imperdiet porttitor est non scelerisque. Sed condimentum adipiscing ligula nec mollis. Nam risus nisi, pharetra nec rutrum quis, venenatis quis felis. Vivamus porta, turpis ut tempus pretium, erat mauris egestas nibh, eu tincidunt ante odio ac metus. Fusce tortor purus, vulputate et malesuada in, vehicula quis tellus. Nullam vestibulum ligula at nunc vulputate sit amet pulvinar nunc sollicitudin. Vestibulum dignissim placerat metus, in pellentesque odio viverra in.</p>\r\n\r\n<p>Vivamus rhoncus ultricies massa in sodales. Quisque ac purus nec nisl iaculis viverra. Praesent aliquet mauris a risus aliquet non suscipit nisi hendrerit. Fusce eu scelerisque eros. Pellentesque id eros in nisi aliquet malesuada. Morbi sodales tristique dictum. In hac habitasse platea dictumst. Integer vestibulum urna a tortor sollicitudin sit amet pharetra erat semper. Morbi eros quam, mattis non pellentesque a, ornare non risus. Duis accumsan dolor eget dui pharetra eu pharetra diam congue. Maecenas facilisis feugiat metus nec malesuada.</p>\r\n\r\n<p>Curabitur eget rutrum tortor. Duis eleifend libero ut dui sodales ullamcorper. Pellentesque commodo, arcu vel bibendum volutpat, velit eros dignissim lectus, eu egestas nunc sapien id dui. Curabitur ornare, velit vel imperdiet scelerisque, massa arcu commodo lacus, ac pellentesque urna nibh nec quam. Phasellus cursus ultrices scelerisque. Praesent magna leo, iaculis in pellentesque nec, volutpat ac massa. Nullam rhoncus consectetur rhoncus. Donec vel ultricies velit. Nam nec cursus lectus. Sed porta quam a sapien elementum quis volutpat lorem elementum. Phasellus eu feugiat ipsum. Nulla pretium magna in urna rutrum dignissim. Integer porta justo vitae sapien congue laoreet. Quisque ac lacus dolor. </p>', 1, 2, '2012-06-22', 1, 0);
INSERT INTO `pages` VALUES(21, 'Страница 2', 'page222', 'Описание страницы 2', 'ключевые слова, слова ключевые, словечки', '<p>Lorem ipsum dolor sit amet, consectetur adipiscing elit. Aenean fringilla nibh quis odio sagittis imperdiet. Vestibulum ante ipsum primis in faucibus orci luctus et ultrices posuere cubilia Curae; Ut et odio neque, at accumsan ipsum. Phasellus ac bibendum massa. Donec egestas erat quis nunc consectetur scelerisque pretium tortor tristique. Suspendisse id diam ac ante ultricies convallis. Curabitur imperdiet porttitor est non scelerisque. Sed condimentum adipiscing ligula nec mollis. Nam risus nisi, pharetra nec rutrum quis, venenatis quis felis. Vivamus porta, turpis ut tempus pretium, erat mauris egestas nibh, eu tincidunt ante odio ac metus. Fusce tortor purus, vulputate et malesuada in, vehicula quis tellus. Nullam vestibulum ligula at nunc vulputate sit amet pulvinar nunc sollicitudin. Vestibulum dignissim placerat metus, in pellentesque odio viverra in.</p>\r\n\r\n<p>Vivamus rhoncus ultricies massa in sodales. Quisque ac purus nec nisl iaculis viverra. Praesent aliquet mauris a risus aliquet non suscipit nisi hendrerit. Fusce eu scelerisque eros. Pellentesque id eros in nisi aliquet malesuada. Morbi sodales tristique dictum. In hac habitasse platea dictumst. Integer vestibulum urna a tortor sollicitudin sit amet pharetra erat semper. Morbi eros quam, mattis non pellentesque a, ornare non risus. Duis accumsan dolor eget dui pharetra eu pharetra diam congue. Maecenas facilisis feugiat metus nec malesuada.</p>\r\n\r\n<p>Curabitur eget rutrum tortor. Duis eleifend libero ut dui sodales ullamcorper. Pellentesque commodo, arcu vel bibendum volutpat, velit eros dignissim lectus, eu egestas nunc sapien id dui. Curabitur ornare, velit vel imperdiet scelerisque, massa arcu commodo lacus, ac pellentesque urna nibh nec quam. Phasellus cursus ultrices scelerisque. Praesent magna leo, iaculis in pellentesque nec, volutpat ac massa. Nullam rhoncus consectetur rhoncus. Donec vel ultricies velit. Nam nec cursus lectus. Sed porta quam a sapien elementum quis volutpat lorem elementum. Phasellus eu feugiat ipsum. Nulla pretium magna in urna rutrum dignissim. Integer porta justo vitae sapien congue laoreet. Quisque ac lacus dolor. </p>', 1, 2, '2012-06-14', 1, 0);
INSERT INTO `pages` VALUES(55, 'sdfsdf', 'sdfsff', 'sdfs', 'sdfsdfs', 'sdfsdfsd', 11, 1, '2012-06-01', 1, 0);
INSERT INTO `pages` VALUES(54, 'werwer', 'werwe', 'werwer', 'werwerwe', 'rwerwerwer', 5, 1, '2012-06-27', 1, 0);
INSERT INTO `pages` VALUES(56, '', '', '', '', '', 0, 0, '0000-00-00', 1, 0);

-- --------------------------------------------------------

--
-- Структура таблицы `roles`
--

CREATE TABLE `roles` (
  `id` int(5) NOT NULL AUTO_INCREMENT,
  `rolename` varchar(30) NOT NULL,
  PRIMARY KEY (`id`)
) ENGINE=MyISAM  DEFAULT CHARSET=utf8 AUTO_INCREMENT=4 ;

--
-- Дамп данных таблицы `roles`
--

INSERT INTO `roles` VALUES(1, 'Администратор');
INSERT INTO `roles` VALUES(2, 'Модератор');
INSERT INTO `roles` VALUES(3, 'Зарегистрированный');

-- --------------------------------------------------------

--
-- Структура таблицы `users`
--

CREATE TABLE `users` (
  `id` int(10) NOT NULL AUTO_INCREMENT,
  `email` varchar(255) NOT NULL,
  `password` varchar(20) NOT NULL,
  `firstname` varchar(50) NOT NULL,
  `lastname` varchar(50) NOT NULL,
  `datereg` date NOT NULL,
  `role_id` int(5) NOT NULL,
  `status` int(3) NOT NULL,
  `intrash` int(3) NOT NULL,
  PRIMARY KEY (`id`)
) ENGINE=MyISAM  DEFAULT CHARSET=utf8 AUTO_INCREMENT=10 ;

--
-- Дамп данных таблицы `users`
--

INSERT INTO `users` VALUES(1, 'admin@admin.ru', 'f865b53623b121fd34ee', 'Админ', 'Админыч', '2012-06-25', 1, 1, 0);
INSERT INTO `users` VALUES(2, 'moderator@admin.ru', 'd51dbad1f77edc715837', 'Модер', 'Модерич', '2012-06-14', 2, 1, 0);
INSERT INTO `users` VALUES(3, 'manager@admin.ru', 'manager123', 'Манагер', 'Манагерич', '2012-06-16', 3, 1, 0);
